Alpha,C(t)_Mean,C(t)_Std,C(t)_Range_Mean,M(t)_Mean,Sentence_Count
0.2,0.169808,0.372101,0.999849,0.001845,1
0.3,0.169963,0.372446,1.000774,0.001845,1
0.4,0.170117,0.372790,1.001699,0.001845,1
0.5,0.170271,0.373135,1.002624,0.001845,1
0.6,0.170426,0.373480,1.003549,0.001845,1
