μ,S(t)_Mean,S(t)_Std,S(t)_Range_Mean,Avg_Seq_Len,Sentence_Count
0.1,0.650799,0.307001,1.000000,6.2,4
0.15,0.636361,0.302225,0.990469,6.2,4
0.2,0.621679,0.297419,0.979470,6.2,4
0.25,0.605290,0.290715,0.959403,6.2,4
0.3,0.588212,0.283283,0.935526,6.2,4
0.35,0.571133,0.276006,0.911649,6.2,4
0.4,0.554055,0.268894,0.887773,6.2,4
0.5,0.519899,0.255215,0.840019,6.2,4
