Token,位置,S(t)
江,0,0.5153491497039795
河,1,0.8397173881530762
湖,2,0.615164041519165
海,3,0.598946213722229
都是,4,0.7215973138809204
水,5,0.5438166856765747
