句子,目标词,搭配类型,H(t)完整,H(t)无colloc,差异
打电话,打,强,0.0,0.0,0.0
打什么,打,弱,0.9075340991417729,0.9476643993073876,0.040130300165614696
打球,打,强,0.0,0.0,0.0
打东西,打,弱,0.9191944745756816,0.943609493663416,0.024415019087734358
银行,行,强,0.0,0.0,0.0
行什么,行,弱,0.8408083627408274,0.972946316452217,0.1321379537113896
开会,开,强,0.0,0.0,0.0
开东西,开,弱,0.9232855710432757,0.950063021800304,0.02677745075702831
看书,看,强,0.0,0.0,0.0
看什么,看,弱,0.8508354463041026,0.939080900434384,0.0882454541302814
