句子,目标词,搭配类型,H(t)完整,H(t)无colloc,差异
打电话,打,强,0.0,0.0,0.0
打什么,打,弱,0.9447194525077153,0.9195610646180709,0.025158387889644418
打球,打,强,0.0,0.0,0.0
打东西,打,弱,0.9560598003365253,0.9453880361258806,0.010671764210644641
银行,行,强,0.0,0.0,0.0
行什么,行,弱,0.9223376321434649,0.9446081499396858,0.022270517796220912
开会,开,强,0.0,0.0,0.0
开东西,开,弱,0.9371713773224646,0.9213074976320625,0.01586387969040204
看书,看,强,0.0,0.0,0.0
看什么,看,弱,0.9249327651000292,0.9600560707791848,0.03512330567915556
