句子,目标词,搭配类型,H(t)完整,H(t)无colloc,差异
打电话,打,强,0.0,0.0,0.0
打什么,打,弱,0.9839999117773962,0.9839999117773962,0.0
打球,打,强,0.0,0.0,0.0
打东西,打,弱,0.9839999117773962,0.9839999117773962,0.0
银行,行,强,0.0,0.0,0.0
行什么,行,弱,0.9840000183850832,0.9840000183850832,0.0
开会,开,强,0.0,0.0,0.0
开东西,开,弱,0.9840000177649042,0.9840000177649042,0.0
看书,看,强,0.0,0.0,0.0
看什么,看,弱,0.9839999129751457,0.9839999129751457,0.0
