Trial,Time(s)
1,0.35202836990356445
2,0.3849527835845947
3,0.3623931407928467
4,0.3462707996368408
5,0.3521757125854492
