Trial,Time(s)
1,0.013684988021850586
2,0.003972053527832031
3,0.003995180130004883
4,0.005030632019042969
5,0.003971099853515625
