句子,类型,平均K(t),平均K_scaled,Token数量
江河湖海都是水,无歧义,0.0003890743597828228,0.3486106263654092,6
他很行,多义,-0.00031875081456070336,-0.28560072984639023,3
