alpha,avg_distance_discrimination,sentence_count,relative_drop
0.0,0.5473686101597295,10,0.0
0.2,0.48528324459934835,10,11.3425147894878
0.3,0.45477839942362797,10,16.91551342505418
0.4,0.4250177816384775,10,22.352547488163122
0.5,0.3952571638533269,10,27.789581551272086
