Alpha,C(t)_Mean,C(t)_Std,C(t)_Range_Mean,M(t)_Mean,Sentence_Count
0.2,0.199404,0.437515,1.175526,0.581657,1
0.3,0.214357,0.470566,1.264289,0.581657,1
0.4,0.229309,0.503618,1.353053,0.581657,1
0.5,0.244261,0.536670,1.441816,0.581657,1
0.6,0.259214,0.569721,1.530579,0.581657,1
0.7,0.274166,0.602773,1.619343,0.581657,1
0.8,0.289118,0.635824,1.708106,0.581657,1
0.9,0.304071,0.668876,1.796870,0.581657,1
