{
    "ALPHA": 0.9567525183316435,
    "BETA": 1.0,
    "OMEGA": -0.00011557116688638164
}